Country,Year,Public Trust in Police
Angola,2014,30.1
Benin,2014,53.9
Botswana,2014,64.8
Burkina Faso,2014,78.4
Cabo Verde,2014,57.2
Cameroon,2014,48.3
Cote d'Ivoire,2014,38.5
Eswatini,2014,67.7
Ethiopia,2014,51.3
Gabon,2014,36.3
Gambia,2014,63.1
Ghana,2014,29.5
Guinea,2014,46.7
Kenya,2014,29.6
Lesotho,2014,59.0
Liberia,2014,11.6
Madagascar,2014,31.7
Malawi,2014,65.8
Mali,2014,51.4
Mauritius,2014,64.5
Morocco,2014,46.9
Mozambique,2014,38.0
Namibia,2014,77.7
Niger,2014,99.8
Nigeria,2014,11.1
Sao Tome and Principe,2014,16.6
Senegal,2014,79.1
Sierra Leone,2014,24.2
South Africa,2014,42.4
Sudan,2014,46.9
Tanzania,2014,64.0
Togo,2014,39.5
Tunisia,2014,75.5
Uganda,2014,58.5
Zambia,2014,46.0
Zimbabwe,2014,49.9
Angola,2015,30.1
Benin,2015,53.4
Botswana,2015,65.4
Burkina Faso,2015,78.4
Cabo Verde,2015,56.6
Cameroon,2015,48.3
Cote d'Ivoire,2015,47.4
Eswatini,2015,67.7
Ethiopia,2015,51.3
Gabon,2015,36.3
Gambia,2015,63.1
Ghana,2015,31.4
Guinea,2015,46.7
Kenya,2015,28.9
Lesotho,2015,53.2
Liberia,2015,11.6
Madagascar,2015,31.7
Malawi,2015,58.8
Mali,2015,52.0
Mauritius,2015,58.9
Morocco,2015,46.9
Mozambique,2015,38.0
Namibia,2015,74.7
Niger,2015,99.8
Nigeria,2015,11.1
Sao Tome and Principe,2015,16.6
Senegal,2015,86.1
Sierra Leone,2015,24.2
South Africa,2015,42.4
Sudan,2015,46.9
Tanzania,2015,64.7
Togo,2015,39.8
Tunisia,2015,75.5
Uganda,2015,58.5
Zambia,2015,45.9
Zimbabwe,2015,50.1
Angola,2016,30.1
Benin,2016,53.0
Botswana,2016,66.0
Burkina Faso,2016,80.9
Cabo Verde,2016,56.0
Cameroon,2016,48.2
Cote d'Ivoire,2016,56.4
Eswatini,2016,66.7
Ethiopia,2016,51.3
Gabon,2016,31.3
Gambia,2016,63.1
Ghana,2016,33.2
Guinea,2016,42.6
Kenya,2016,28.1
Lesotho,2016,47.4
Liberia,2016,17.1
Madagascar,2016,33.4
Malawi,2016,51.8
Mali,2016,52.5
Mauritius,2016,53.3
Morocco,2016,55.4
Mozambique,2016,48.2
Namibia,2016,71.7
Niger,2016,93.6
Nigeria,2016,13.1
Sao Tome and Principe,2016,19.6
Senegal,2016,93.0
Sierra Leone,2016,26.2
South Africa,2016,37.8
Sudan,2016,48.6
Tanzania,2016,65.5
Togo,2016,40.0
Tunisia,2016,70.7
Uganda,2016,57.7
Zambia,2016,45.9
Zimbabwe,2016,50.4
Angola,2017,30.1
Benin,2017,56.4
Botswana,2017,66.5
Burkina Faso,2017,83.3
Cabo Verde,2017,55.5
Cameroon,2017,48.1
Cote d'Ivoire,2017,51.8
Eswatini,2017,65.7
Ethiopia,2017,51.3
Gabon,2017,26.3
Gambia,2017,63.1
Ghana,2017,35.1
Guinea,2017,38.5
Kenya,2017,30.5
Lesotho,2017,41.6
Liberia,2017,22.7
Madagascar,2017,35.0
Malawi,2017,50.3
Mali,2017,53.0
Mauritius,2017,47.7
Morocco,2017,63.8
Mozambique,2017,58.4
Namibia,2017,68.7
Niger,2017,87.4
Nigeria,2017,15.1
Sao Tome and Principe,2017,22.5
Senegal,2017,100.0
Sierra Leone,2017,28.3
South Africa,2017,33.1
Sudan,2017,50.3
Tanzania,2017,66.3
Togo,2017,40.3
Tunisia,2017,65.8
Uganda,2017,50.1
Zambia,2017,45.9
Zimbabwe,2017,50.7
Angola,2018,30.1
Benin,2018,59.8
Botswana,2018,68.6
Burkina Faso,2018,85.7
Cabo Verde,2018,51.1
Cameroon,2018,47.9
Cote d'Ivoire,2018,47.2
Eswatini,2018,64.8
Ethiopia,2018,51.3
Gabon,2018,22.5
Gambia,2018,63.1
Ghana,2018,34.4
Guinea,2018,37.8
Kenya,2018,32.8
Lesotho,2018,35.5
Liberia,2018,28.2
Madagascar,2018,36.7
Malawi,2018,48.9
Mali,2018,54.4
Mauritius,2018,49.8
Morocco,2018,72.3
Mozambique,2018,68.6
Namibia,2018,66.5
Niger,2018,88.7
Nigeria,2018,17.1
Sao Tome and Principe,2018,25.4
Senegal,2018,96.5
Sierra Leone,2018,30.3
South Africa,2018,28.5
Sudan,2018,52.0
Tanzania,2018,73.7
Togo,2018,42.4
Tunisia,2018,60.9
Uganda,2018,42.5
Zambia,2018,46.6
Zimbabwe,2018,48.2
Angola,2019,30.1
Benin,2019,63.1
Botswana,2019,70.7
Burkina Faso,2019,88.2
Cabo Verde,2019,46.7
Cameroon,2019,46.5
Cote d'Ivoire,2019,42.6
Eswatini,2019,55.4
Ethiopia,2019,51.3
Gabon,2019,18.7
Gambia,2019,62.0
Ghana,2019,33.7
Guinea,2019,37.2
Kenya,2019,35.1
Lesotho,2019,29.4
Liberia,2019,22.3
Madagascar,2019,40.3
Malawi,2019,47.5
Mali,2019,55.7
Mauritius,2019,51.9
Morocco,2019,76.8
Mozambique,2019,64.7
Namibia,2019,64.3
Niger,2019,90.1
Nigeria,2019,15.9
Sao Tome and Principe,2019,22.2
Senegal,2019,92.9
Sierra Leone,2019,23.5
South Africa,2019,25.1
Sudan,2019,45.4
Tanzania,2019,81.2
Togo,2019,44.5
Tunisia,2019,68.6
Uganda,2019,34.8
Zambia,2019,47.2
Zimbabwe,2019,45.7
Angola,2020,28.4
Benin,2020,66.5
Botswana,2020,62.1
Burkina Faso,2020,87.0
Cabo Verde,2020,52.3
Cameroon,2020,45.0
Cote d'Ivoire,2020,42.8
Eswatini,2020,46.0
Ethiopia,2020,51.3
Gabon,2020,14.9
Gambia,2020,61.0
Ghana,2020,28.9
Guinea,2020,35.7
Kenya,2020,31.7
Lesotho,2020,23.2
Liberia,2020,16.3
Madagascar,2020,43.9
Malawi,2020,46.7
Mali,2020,57.0
Mauritius,2020,54.0
Morocco,2020,81.3
Mozambique,2020,60.8
Namibia,2020,66.1
Niger,2020,91.5
Nigeria,2020,14.7
Sao Tome and Principe,2020,18.9
Senegal,2020,89.4
Sierra Leone,2020,16.8
South Africa,2020,21.7
Sudan,2020,38.9
Tanzania,2020,88.6
Togo,2020,46.6
Tunisia,2020,76.3
Uganda,2020,36.6
Zambia,2020,47.9
Zimbabwe,2020,43.2
Angola,2021,26.7
Benin,2021,71.6
Botswana,2021,53.5
Burkina Faso,2021,85.8
Cabo Verde,2021,58.0
Cameroon,2021,43.5
Cote d'Ivoire,2021,43.1
Eswatini,2021,36.7
Ethiopia,2021,54.5
Gabon,2021,16.2
Gambia,2021,59.9
Ghana,2021,24.1
Guinea,2021,34.2
Kenya,2021,28.3
Lesotho,2021,24.9
Liberia,2021,16.8
Madagascar,2021,47.6
Malawi,2021,45.9
Mali,2021,59.0
Mauritius,2021,47.4
Morocco,2021,85.7
Mozambique,2021,56.8
Namibia,2021,68.0
Niger,2021,89.7
Nigeria,2021,7.4
Sao Tome and Principe,2021,15.6
Senegal,2021,85.9
Sierra Leone,2021,12.8
South Africa,2021,18.3
Sudan,2021,32.3
Tanzania,2021,96.1
Togo,2021,48.6
Tunisia,2021,61.3
Uganda,2021,38.4
Zambia,2021,46.3
Zimbabwe,2021,40.8
Angola,2022,25.0
Benin,2022,76.7
Botswana,2022,44.9
Burkina Faso,2022,84.6
Cabo Verde,2022,63.7
Cameroon,2022,43.0
Cote d'Ivoire,2022,43.1
Eswatini,2022,12.5
Ethiopia,2022,57.7
Gabon,2022,16.2
Gambia,2022,52.7
Ghana,2022,19.3
Guinea,2022,32.8
Kenya,2022,28.3
Lesotho,2022,26.6
Liberia,2022,17.2
Madagascar,2022,51.2
Malawi,2022,45.0
Mali,2022,61.0
Mauritius,2022,40.9
Morocco,2022,72.8
Mozambique,2022,52.8
Namibia,2022,68.0
Niger,2022,87.9
Nigeria,2022,0.0
Sao Tome and Principe,2022,12.3
Senegal,2022,88.9
Sierra Leone,2022,8.8
South Africa,2022,25.1
Sudan,2022,35.8
Tanzania,2022,89.9
Togo,2022,62.4
Tunisia,2022,46.3
Uganda,2022,40.2
Zambia,2022,44.6
Zimbabwe,2022,36.6
Angola,2023,25.0
Benin,2023,76.7
Botswana,2023,44.9
Burkina Faso,2023,84.6
Cabo Verde,2023,63.7
Cameroon,2023,43.0
Cote d'Ivoire,2023,43.1
Eswatini,2023,12.5
Ethiopia,2023,60.9
Gabon,2023,16.2
Gambia,2023,52.7
Ghana,2023,19.3
Guinea,2023,32.8
Kenya,2023,28.3
Lesotho,2023,26.6
Liberia,2023,17.2
Madagascar,2023,51.2
Malawi,2023,45.0
Mali,2023,61.0
Mauritius,2023,40.9
Morocco,2023,72.8
Mozambique,2023,52.8
Namibia,2023,68.0
Niger,2023,87.9
Nigeria,2023,0.0
Sao Tome and Principe,2023,12.3
Senegal,2023,88.9
Sierra Leone,2023,8.8
South Africa,2023,25.1
Sudan,2023,35.8
Tanzania,2023,89.9
Togo,2023,62.4
Tunisia,2023,46.3
Uganda,2023,40.2
Zambia,2023,44.6
Zimbabwe,2023,36.6
